{
  "random_forest": {
    "rmse": 11.91033776807899,
    "r2_score": 0.9999965967646545,
    "mae": 6.618277714810269,
    "mape": 0.17931370601726732
  },
  "xgboost": {
    "rmse": 41.22188123625916,
    "r2_score": 0.9999592338739767,
    "mae": 23.668850014753154,
    "mape": 2372882082.014289
  },
  "neural_network": {
    "rmse": 317.6214032461953,
    "r2_score": 0.9975797326198554,
    "mae": 230.22663087759219,
    "mape": 216914758705.9739
  }
}