Model,Train_RMSE,Val_RMSE,Test_RMSE,Train_MAE,Val_MAE,Test_MAE,Train_R2,Val_R2,Test_R2
XGBoost,0.19369424523503345,0.43299374513942884,0.412334348856214,0.07274554179969624,0.0944870356388588,0.14021830936446109,0.9942063546780047,0.9660174365216544,0.9812950381754927
Random Forest,0.6768116208309836,0.42785311444435187,0.4309795572014798,0.07025705610178595,0.08911284665401042,0.13453483250550372,0.9292617872084538,0.9668195488582539,0.9795651648595004
Neural Network,0.26241457653609235,0.2728762876508431,0.29346834308448416,0.08554313386952192,0.0887801060162325,0.11415371134575884,0.9893660557241084,0.9865033965621727,0.9905249760321144
