{
  "timestamp": "2025-07-05T21:53:18.768846",
  "models": {
    "xgboost": {
      "metrics": {
        "train_rmse": 0.19369424523503345,
        "train_mae": 0.07274554179969624,
        "train_r2": 0.9942063546780047,
        "val_rmse": 0.43299374513942884,
        "val_mae": 0.0944870356388588,
        "val_r2": 0.9660174365216544,
        "test_rmse": 0.412334348856214,
        "test_mae": 0.14021830936446109,
        "test_r2": 0.9812950381754927
      },
      "model_file": "xgboost_model.pkl"
    },
    "random_forest": {
      "metrics": {
        "train_rmse": 0.6768116208309836,
        "train_mae": 0.07025705610178595,
        "train_r2": 0.9292617872084538,
        "val_rmse": 0.42785311444435187,
        "val_mae": 0.08911284665401042,
        "val_r2": 0.9668195488582539,
        "test_rmse": 0.4309795572014798,
        "test_mae": 0.13453483250550372,
        "test_r2": 0.9795651648595004
      },
      "model_file": "random_forest_model.pkl"
    },
    "neural_network": {
      "metrics": {
        "train_rmse": 0.26241457653609235,
        "train_mae": 0.08554313386952192,
        "train_r2": 0.9893660557241084,
        "val_rmse": 0.2728762876508431,
        "val_mae": 0.0887801060162325,
        "val_r2": 0.9865033965621727,
        "test_rmse": 0.29346834308448416,
        "test_mae": 0.11415371134575884,
        "test_r2": 0.9905249760321144
      },
      "model_file": "neural_network_model.pkl",
      "scaler_file": "nn_scaler.pkl"
    }
  },
  "best_model": {
    "name": "Neural Network",
    "val_rmse": 0.2728762876508431,
    "test_rmse": 0.29346834308448416
  },
  "feature_columns": [
    "year",
    "month",
    "day",
    "hour",
    "minute",
    "day_of_week",
    "day_of_year",
    "hour_sin",
    "hour_cos",
    "month_sin",
    "month_cos",
    "day_of_week_sin",
    "day_of_week_cos",
    "solar_elevation",
    "is_daytime",
    "is_peak_sun",
    "is_weekend",
    "Irradiance_mean",
    "Irradiance_max",
    "Irradiance_min",
    "Irradiance_std",
    "Temperature_mean",
    "Temperature_max",
    "Temperature_min",
    "Temperature_std",
    "generation(kWh)_lag_1",
    "generation(kWh)_lag_2",
    "generation(kWh)_lag_4",
    "generation(kWh)_lag_24",
    "generation(kWh)_rolling_mean_4",
    "generation(kWh)_rolling_std_4",
    "generation(kWh)_rolling_mean_12",
    "generation(kWh)_rolling_std_12",
    "generation(kWh)_rolling_mean_24",
    "generation(kWh)_rolling_std_24",
    "Irradiance_mean_lag_1",
    "Irradiance_mean_lag_2"
  ],
  "target_column": "generation(kWh)"
}